subset,n_test_engines,mae,rmse,r2,s_score,coverage,mpiw,nmpiw
FD004,248,12.293771879296536,16.845869888154937,0.846385993416099,1920.4672545181434,0.9233870967741935,58.53182998019257,0.4918641174806098
