subset,n_test_engines,mae,rmse,r2,s_score,coverage,mpiw,nmpiw
FD002,259,11.364838171315762,15.366405990205784,0.8719335822276494,1151.6157166406006,0.9111969111969112,50.73143996046655,0.42631462151652566
