subset,n_test_engines,mae,rmse,r2,s_score,coverage,mpiw,nmpiw
FD001,100,9.992126831517385,13.260445904744467,0.8905019090350516,301.13473094434477,0.91,47.62261016107343,0.4035814420429952
