subset,n_test_engines,mae,rmse,r2,s_score,coverage,mpiw,nmpiw
FD003,100,10.129577888987216,13.733853630346529,0.8770398307439625,343.15710926667117,0.88,42.18280951989101,0.35447739092345387
